<?xml version="1.0" encoding="UTF-8"?>
<beans xmlns="http://www.springframework.org/schema/beans"
	xmlns:xsi="http://www.w3.org/2001/XMLSchema-instance"
	xmlns:context="http://www.springframework.org/schema/context"
	xmlns:mvc="http://www.springframework.org/schema/mvc"
	xmlns:tx="http://www.springframework.org/schema/tx"
	xmlns:jpa="http://www.springframework.org/schema/data/jpa"
	xsi:schemaLocation="  
        http://www.springframework.org/schema/beans  
        http://www.springframework.org/schema/beans/spring-beans.xsd  
        http://www.springframework.org/schema/context  
        http://www.springframework.org/schema/context/spring-context.xsd  
        http://www.springframework.org/schema/mvc  
        http://www.springframework.org/schema/mvc/spring-mvc.xsd
          http://www.springframework.org/schema/tx
        http://www.springframework.org/schema/tx/spring-tx.xsd
        http://www.springframework.org/schema/data/jpa
        http://www.springframework.org/schema/data/jpa/spring-jpa.xsd">

	<context:component-scan
		base-package="com.data.crud.*" />
	<mvc:annotation-driven></mvc:annotation-driven>
	<bean id="dataSource"
		class="org.apache.commons.dbcp2.BasicDataSource">

		<property name="driverClassName"
			value="com.mysql.jdbc.Driver" />
		<property name="url"
			value="jdbc:mysql://localhost:3306/hibernate" />
		<property name="username" value="root" />
		<property name="password" value="root" />
	</bean>
	<bean id="entityManagerFactory"
		class="org.springframework.orm.jpa.LocalContainerEntityManagerFactoryBean">
		<property name="dataSource" ref="dataSource" />
		<property name="jpaVendorAdapter"
			ref="hibernateJpaVendorAdapter" />
		<property name="packagesToScan" value="com.data.crud.model" />
		<property name="jpaProperties">
			<props>
				<!-- Configures the used database dialect. This allows Hibernate to create 
					SQL that is optimized for the used database. -->
				<prop key="hibernate.dialect">org.hibernate.dialect.MySQLDialect</prop>

				<!-- Specifies the action that is invoked to the database when the Hibernate 
					SessionFactory is created or closed. -->
				<prop key="hibernate.hbm2ddl.auto">update</prop>

				<!-- If the value of this property is true, Hibernate writes all SQL 
					statements to the console. -->
				<prop key="hibernate.show_sql">true</prop>

				<!-- If the value of this property is true, Hibernate will use prettyprint 
					when it writes SQL to the console. -->
				<prop key="hibernate.format_sql">true</prop>
			</props>
		</property>
	</bean>
	<bean id="hibernateJpaVendorAdapter"
		class="org.springframework.orm.jpa.vendor.HibernateJpaVendorAdapter" />

	<bean id="transactionManager"
		class="org.springframework.orm.jpa.JpaTransactionManager">
		<property name="entityManagerFactory"
			ref="entityManagerFactory" />
	</bean>
	<jpa:repositories base-package="com.data.crud.dao" />
	<!-- Enables annotation-driven transaction management. -->
	<tx:annotation-driven />
	<bean id="viewResolver"
		class="org.springframework.web.servlet.view.InternalResourceViewResolver">
		<property name="prefix" value="/WEB-INF/"></property>
		<property name="suffix" value=".jsp"></property>
	</bean>
</beans>