<?xml version="1.0" encoding="UTF-8"?>
<beans xmlns="http://www.springframework.org/schema/beans"
	xmlns:xsi="http://www.w3.org/2001/XMLSchema-instance"
	xmlns:context="http://www.springframework.org/schema/context"
	xmlns:mvc="http://www.springframework.org/schema/mvc"
	xsi:schemaLocation="  
        http://www.springframework.org/schema/beans  
        http://www.springframework.org/schema/beans/spring-beans.xsd  
        http://www.springframework.org/schema/context  
        http://www.springframework.org/schema/context/spring-context.xsd  
        http://www.springframework.org/schema/mvc  
        http://www.springframework.org/schema/mvc/spring-mvc.xsd">

	<!-- DispatcherServlet Context: defines this servlet's request-processing 
		infrastructure -->
	<context:component-scan	base-package="com.cttech.controller" />

	<!-- Enables the Spring MVC @Controller programming model -->
	<mvc:annotation-driven />

	<!-- Configures Interceptors -->
	<!-- This XML will intercept all URIs -->
	<!-- <bean class="com.cttech.interceptor.ImageWaterMarkInterceptor"></bean> -->

	<!-- This XML will apply interceptor to only configured URIs -->
	<mvc:interceptors>
		<mvc:interceptor>
			<mvc:mapping path="/oldLogin"></mvc:mapping>
			<bean class="com.cttech.interceptor.OldUrlIntercepter"></bean>
		</mvc:interceptor>

		<mvc:interceptor>
			<mvc:mapping path="/upload"></mvc:mapping>
			<bean class="com.cttech.interceptor.ImageWaterMarkInterceptor"></bean>
			<!--<mvc:mapping path="/admin/**"/> <mvc:exclude-mapping path="/admin/login"/> -->
		</mvc:interceptor>
	</mvc:interceptors>


	<!-- Handles HTTP GET requests for /resources/** by efficiently serving 
		up static resources in the ${webappRoot}/resources directory -->
	<mvc:resources mapping="/**" location="/" />

	<!-- Resolves views selected for rendering by @Controllers to .jsp resources 
		in the /WEB-INF/views directory -->
	<bean
		class="org.springframework.web.servlet.view.InternalResourceViewResolver">
		<property name="prefix" value="/WEB-INF/" />
		<property name="suffix" value=".jsp" />
	</bean>

	<bean id="multipartResolver"
		class="org.springframework.web.multipart.commons.CommonsMultipartResolver">

		<!-- setting maximum upload size -->
		<property name="maxUploadSize" value="600000" />

	</bean>
</beans>