<?xml version="1.0" encoding="UTF-8"?>  
<beans xmlns="http://www.springframework.org/schema/beans"  
    xmlns:xsi="http://www.w3.org/2001/XMLSchema-instance"   
    xmlns:context="http://www.springframework.org/schema/context"  
    xmlns:mvc="http://www.springframework.org/schema/mvc"  
    xsi:schemaLocation="  
        http://www.springframework.org/schema/beans  
        http://www.springframework.org/schema/beans/spring-beans.xsd  
        http://www.springframework.org/schema/context  
        http://www.springframework.org/schema/context/spring-context.xsd  
        http://www.springframework.org/schema/mvc  
        http://www.springframework.org/schema/mvc/spring-mvc.xsd">
 
           <context:component-scan base-package="com.cttech" />  
  <mvc:annotation-driven></mvc:annotation-driven>
  <bean id="viewResolver" class="org.springframework.web.servlet.view.InternalResourceViewResolver">  
        <property name="prefix" value="/WEB-INF/view/"></property>  
        <property name="suffix" value=".jsp"></property>          
     </bean>  
 
        <bean id="mailSender" class="org.springframework.mail.javamail.JavaMailSenderImpl">
   <!--   SMTP settings
    <property name="host" value="SMTP_HOST" />
    <property name="port" value="SMTP_PORT" />
    <property name="username" value="kathiresann" />
    <property name="password" value="nataraj@321" />
  
    <property name="javaMailProperties">
        additional properties specific to JavaMail
        <props>
            <prop key="mail.transport.protocol">smtp</prop>
            <prop key="mail.smtp.auth">true</prop>
            <prop key="mail.smtp.starttls.enable">true</prop>
        </props>
    </property> -->
</bean>
        
          
</beans>