<beans xmlns="http://www.springframework.org/schema/beans"
	xmlns:xsi="http://www.w3.org/2001/XMLSchema-instance"
	xmlns:context="http://www.springframework.org/schema/context"
	xsi:schemaLocation="http://www.springframework.org/schema/beans
	http://www.springframework.org/schema/beans/spring-beans-3.0.xsd
	http://www.springframework.org/schema/context
	http://www.springframework.org/schema/context/spring-context-3.0.xsd">
	
	 <context:annotation-config></context:annotation-config> 
	<!-- <bean 
class="org.springframework.beans.factory.annotation.AutowiredAnnotationBeanPostProcessor"/>
	 -->
	<bean id="hospital"
		class="com.batch.demo.SpringApplicationContext.Hospital">
	</bean>
	<bean id="room"
		class="com.batch.demo.SpringApplicationContext.Room" >
		<property name="id"><value>200</value></property>
		</bean>
		<bean id="room1"
		class="com.batch.demo.SpringApplicationContext.Room" />
	<!-- <bean id="room1" class="com.batch.demo.SpringApplicationContext.Room"/> -->
</beans>