<?xml version="1.0" encoding="UTF-8"?>
<beans xmlns="http://www.springframework.org/schema/beans"
	xmlns:xsi="http://www.w3.org/2001/XMLSchema-instance"
	xmlns:aop="http://www.springframework.org/schema/aop"
	xmlns:context="http://www.springframework.org/schema/context"
	xsi:schemaLocation="http://www.springframework.org/schema/beans   
       http://www.springframework.org/schema/beans/spring-beans.xsd   
       http://www.springframework.org/schema/aop   
       http://www.springframework.org/schema/aop/spring-aop.xsd
        http://www.springframework.org/schema/context
        http://www.springframework.org/schema/context/spring-context.xsd">

	<aop:aspectj-autoproxy></aop:aspectj-autoproxy>

	<bean id="comp" class="com.cttech.SpringAopDemo.model.Company">
		<property name="compId" value="1001"></property>
		<property name="name" value="CitiusTech"></property>
	</bean>
	<bean id="dept" class="com.cttech.SpringAopDemo.model.Department">
		<property name="deptId" value="5001"></property>
		<property name="name" value="Training"></property>
	</bean>
	<bean id="entService" class="com.cttech.SpringAopDemo.service.EnterpriseService" autowire="byType"/>
	<bean id="loggerAspect" class="com.cttech.SpringAopDemo.aspect.LoggerAspect"/>
	
</beans>