<?xml version = "1.0" encoding = "UTF-8"?>
<beans xmlns="http://www.springframework.org/schema/beans"
	xmlns:xsi="http://www.w3.org/2001/XMLSchema-instance"
	xmlns:context="http://www.springframework.org/schema/context"
	xsi:schemaLocation="http://www.springframework.org/schema/beans
      http://www.springframework.org/schema/beans/spring-beans-3.0.xsd
      http://www.springfkramework.org/schema/context
      http://www.springframework.org/schema/context/spring-context-3.0.xsd">

	<bean id="obj" class="com.batch.demo.SpringBasic1.Student"  autowire="constructor">
	</bean>
	<bean id="address" class="com.batch.demo.SpringBasic1.Address" >
	</bean>
	<bean id="address1" class="com.batch.demo.SpringBasic1.Address" >
	<constructor-arg><value>10</value></constructor-arg>
	</bean>

</beans>