<?xml version = "1.0" encoding = "UTF-8"?>
<beans xmlns="http://www.springframework.org/schema/beans"
	xmlns:xsi="http://www.w3.org/2001/XMLSchema-instance"
	xmlns:context="http://www.springframework.org/schema/context"
	xsi:schemaLocation="http://www.springframework.org/schema/beans
      http://www.springframework.org/schema/beans/spring-beans-3.0.xsd
      http://www.springfkramework.org/schema/context
      http://www.springframework.org/schema/context/spring-context-3.0.xsd">
	<context:annotation-config />
	<bean id="myBean" class="com.batch.demo.model.SmartMobile">
		<property name="mobileName">
			<value>Samsung</value>
		</property> 
		<property name="price">
			<value>
				30000
			</value>
		</property>
		<property name="sim">
			<bean class="com.batch.demo.model.SimCard" />
		</property>
		<!-- <property name="sim" ref=""/> -->
	</bean>

</beans>