<?xml version = "1.0" encoding = "UTF-8"?>
<beans xmlns="http://www.springframework.org/schema/beans"
	xmlns:xsi="http://www.w3.org/2001/XMLSchema-instance"
	xmlns:context="http://www.springframework.org/schema/context"
	xsi:schemaLocation="http://www.springframework.org/schema/beans
      http://www.springframework.org/schema/beans/spring-beans-3.0.xsd
      http://www.springfkramework.org/schema/context
      http://www.springframework.org/schema/context/spring-context-3.0.xsd">

	<bean id="hospital" class="com.batch.demo.SpringApplicationContext.Hospital" >
	<property name="hId" value="111"></property>
	<property name="hospName" value="EyeCare"></property>
	<property name="room" ref="room1"></property>
	</bean>
	<bean id="room1" class="com.batch.demo.SpringApplicationContext.Room"/>
	<bean id="room2" class="com.batch.demo.SpringApplicationContext.Room"/>
	
	
</beans>